<?xml version="1.0" encoding="utf-8"?>
<!--
- phpMyAdmin XML Dump
- version 4.9.2
- https://www.phpmyadmin.net
-
- Host: 127.0.0.1
- Generation Time: Mar 12, 2021 at 11:49 AM
- Server version: 10.4.11-MariaDB
- PHP Version: 7.4.1
-->

<pma_xml_export version="1.0" xmlns:pma="https://www.phpmyadmin.net/some_doc_url/">
    <!--
    - Structure schemas
    -->
    <pma:structure_schemas>
        <pma:database name="berita_lsp" collation="utf8mb4_general_ci" charset="utf8mb4">
            <pma:table name="berita">
                CREATE TABLE `berita` (
                  `id_berita` int(7) NOT NULL AUTO_INCREMENT,
                  `id_kategori` int(5) NOT NULL DEFAULT 1,
                  `judul` varchar(100) NOT NULL,
                  `isi_berita` text NOT NULL,
                  `tanggal` date NOT NULL,
                  `gambar` mediumblob NOT NULL,
                  PRIMARY KEY (`id_berita`),
                  KEY `id_kategori` (`id_kategori`),
                  CONSTRAINT `berita_ibfk_1` FOREIGN KEY (`id_kategori`) REFERENCES `kategori` (`id_kategori`) ON DELETE CASCADE ON UPDATE CASCADE
                ) ENGINE=InnoDB AUTO_INCREMENT=26 DEFAULT CHARSET=utf8mb4;
            </pma:table>
            <pma:table name="kategori">
                CREATE TABLE `kategori` (
                  `id_kategori` int(5) NOT NULL AUTO_INCREMENT,
                  `nama_kategori` varchar(120) NOT NULL,
                  PRIMARY KEY (`id_kategori`)
                ) ENGINE=InnoDB AUTO_INCREMENT=3 DEFAULT CHARSET=utf8mb4;
            </pma:table>
            <pma:table name="users_login">
                CREATE TABLE `users_login` (
                  `id` int(9) NOT NULL AUTO_INCREMENT,
                  `nama` varchar(225) NOT NULL,
                  `username` varchar(225) NOT NULL,
                  `password` varchar(225) NOT NULL,
                  PRIMARY KEY (`id`)
                ) ENGINE=InnoDB AUTO_INCREMENT=3 DEFAULT CHARSET=utf8mb4;
            </pma:table>
        </pma:database>
    </pma:structure_schemas>

    <!--
    - Database: 'berita_lsp'
    -->
    <database name="berita_lsp">
        <!-- Table berita -->
        <table name="berita">
            <column name="id_berita">24</column>
            <column name="id_kategori">1</column>
            <column name="judul">Tugas LSP</column>
            <column name="isi_berita">Kelas 12 RPL

Created by freeware-aitech.blogspot.com 2021</column>
            <column name="tanggal">2021-03-09</column>
            <column name="gambar"></column>
        </table>
        <!-- Table kategori -->
        <table name="kategori">
            <column name="id_kategori">1</column>
            <column name="nama_kategori">Virus</column>
        </table>
        <table name="kategori">
            <column name="id_kategori">2</column>
            <column name="nama_kategori">Teknologi</column>
        </table>
        <!-- Table users_login -->
        <table name="users_login">
            <column name="id">1</column>
            <column name="nama">Adi</column>
            <column name="username">AITech</column>
            <column name="password">2447bff86e5006043ecefab38723cbb4</column>
        </table>
        <table name="users_login">
            <column name="id">2</column>
            <column name="nama">Syahdilla</column>
            <column name="username">adi</column>
            <column name="password">202cb962ac59075b964b07152d234b70</column>
        </table>
    </database>
</pma_xml_export>